{"accuracy": {"no_sample": [0.9448123620309051, 0.9457142857142857, 0.9384415584415584, 0.9383116883116883, 0.9475324675324676], "nearest_neighbor": [0.8588495000649267, 0.8564935064935065, 0.8502597402597403, 0.847922077922078, 0.8549350649350649], "undersampling": [0.8628749513050253, 0.8602597402597403, 0.8503896103896104, 0.8527272727272728, 0.8631168831168832], "naive_bayes": [0.9414361771198546, 0.9362337662337662, 0.9307792207792208, 0.9374025974025973, 0.9377922077922078]}, "fscore": {"no_sample": [0.5063879210220673, 0.539647577092511, 0.4697986577181208, 0.4351961950059453, 0.468421052631579], "nearest_neighbor": [0.47965533748204886, 0.48388603456328816, 0.48732770120053354, 0.45812124016658956, 0.4489393191909225], "undersampling": [0.4858812074001947, 0.4914933837429112, 0.48571428571428577, 0.46660395108184394, 0.464430894308943], "naive_bayes": [0.4798154555940023, 0.4501679731243002, 0.43478260869565216, 0.43427230046948356, 0.407911001236094]}}