{"precision": {"no_sample": [0.6749226006191951, 0.7270029673590505, 0.7142857142857143, 0.6161616161616161, 0.6691729323308271], "oversampling": [0.34918381831085876, 0.35638673253352154, 0.356763925729443, 0.33516106922549693, 0.329654157468727], "gan": [0.6111111111111112, 0.609375, 0.6761565836298933, 0.5864661654135338, 0.629080118694362], "nearest_neighbor": [0.3230174081237911, 0.32993630573248406, 0.3323226197695573, 0.30612244897959184, 0.2968036529680365], "undersampling": [0.329155672823219, 0.3365695792880259, 0.33170731707317075, 0.31352718078381797, 0.3100407055630936], "naive_bayes_95": [0.6253687315634219, 0.647239263803681, 0.6005586592178771, 0.5780730897009967, 0.5379746835443038]}, "recall": {"no_sample": [0.4052044609665427, 0.4290718038528897, 0.35, 0.33639705882352944, 0.3603238866396761], "oversampling": [0.9144981412639405, 0.8844133099824869, 0.8966666666666666, 0.8988970588235294, 0.9068825910931174], "gan": [0.5111524163568774, 0.4098073555166375, 0.31666666666666665, 0.43014705882352944, 0.4291497975708502], "nearest_neighbor": [0.9312267657992565, 0.9071803852889667, 0.9133333333333333, 0.9099264705882353, 0.9210526315789473], "undersampling": [0.9275092936802974, 0.9106830122591943, 0.9066666666666666, 0.9117647058823529, 0.9251012145748988], "naive_bayes_95": [0.3940520446096654, 0.36952714535901926, 0.35833333333333334, 0.31985294117647056, 0.3441295546558704]}, "fscore": {"no_sample": [0.5063879210220673, 0.539647577092511, 0.4697986577181208, 0.4351961950059453, 0.468421052631579], "oversampling": [0.5053929121725731, 0.5080482897384306, 0.5104364326375712, 0.4882675986020969, 0.48354020507285483], "gan": [0.5566801619433198, 0.49005235602094244, 0.43132803632236094, 0.4962884411452811, 0.510228640192539], "nearest_neighbor": [0.47965533748204886, 0.48388603456328816, 0.48732770120053354, 0.45812124016658956, 0.4489393191909225], "undersampling": [0.4858812074001947, 0.4914933837429112, 0.48571428571428577, 0.46660395108184394, 0.464430894308943], "naive_bayes_95": [0.48346636259977194, 0.47045707915273133, 0.44885177453027136, 0.41183431952662725, 0.419753086419753]}}