{"precision": {"naive_bayes_50": [0.6322188449848024, 0.6242236024844721, 0.597667638483965, 0.6006493506493507, 0.5238095238095238], "naive_bayes_95": [0.6253687315634219, 0.647239263803681, 0.6005586592178771, 0.5780730897009967, 0.5379746835443038]}, "recall": {"naive_bayes_50": [0.38661710037174724, 0.3520140105078809, 0.3416666666666667, 0.3400735294117647, 0.3340080971659919], "naive_bayes_95": [0.3940520446096654, 0.36952714535901926, 0.35833333333333334, 0.31985294117647056, 0.3441295546558704]}, "fscore": {"naive_bayes_50": [0.4798154555940023, 0.4501679731243002, 0.43478260869565216, 0.43427230046948356, 0.407911001236094], "naive_bayes_95": [0.48346636259977194, 0.47045707915273133, 0.44885177453027136, 0.41183431952662725, 0.419753086419753]}}