{"accuracy": {"no_sample": [0.9448123620309051], "nearest_neighbor": [0.4144916244643553]}, "fscore": {"no_sample": [0.5063879210220673], "nearest_neighbor": [0.19265890778871977]}}