{"accuracy": {"no_sample": [0.9448123620309051]}, "fscore": {"no_sample": [0.5063879210220673]}}