{"accuracy": {"no_sample": [0.987923646279704, 0.9846753246753247, 0.9838961038961039, 0.9883116883116884, 0.9881818181818182], "nearest_neighbor": [0.9601350473964421, 0.9572727272727273, 0.9533766233766233, 0.9584415584415584, 0.9546753246753247], "undersampling": [0.9581872484092975, 0.954935064935065, 0.9515584415584416, 0.9568831168831169, 0.9518181818181818], "naive_bayes": [0.9445526554992858, 0.9436363636363636, 0.9402597402597402, 0.9441558441558442, 0.95]}, "fscore": {"no_sample": [0.9097963142580019, 0.8903345724907062, 0.8921739130434784, 0.9137931034482759, 0.9056994818652849], "nearest_neighbor": [0.7744305657604702, 0.7720027720027719, 0.7658186562296151, 0.7684515195369029, 0.7341964965727341], "undersampling": [0.7663280116110305, 0.762816131237184, 0.7595099935525469, 0.7621776504297995, 0.7216804201050262], "naive_bayes": [0.34408602150537637, 0.39889196675900274, 0.3850267379679144, 0.3504531722054381, 0.37398373983739835]}}