{"precision": {"no_sample": [0.9512195121951219, 0.9486166007905138, 0.9322344322344323, 0.9539078156312625, 0.9285714285714286], "oversampling": [0.9369024856596558, 0.9254545454545454, 0.911864406779661, 0.924953095684803, 0.8988095238095238], "gan": [0.9506172839506173, 0.9504950495049505, 0.9306569343065694, 0.954183266932271, 0.9221052631578948], "nearest_neighbor": [0.6341756919374247, 0.6334478808705613, 0.6345945945945946, 0.6298932384341637, 0.5833333333333334], "undersampling": [0.6281287246722288, 0.6202672605790646, 0.630901287553648, 0.62004662004662, 0.5821256038647343], "naive_bayes": [0.990909090909091, 0.9591836734693877, 0.9863945578231292, 0.9915254237288136, 0.9478260869565217]}, "recall": {"no_sample": [0.8698884758364313, 0.840630472854641, 0.8483333333333334, 0.875, 0.8947368421052632], "oversampling": [0.9107806691449815, 0.8914185639229422, 0.8966666666666666, 0.90625, 0.917004048582996], "gan": [0.8587360594795539, 0.840630472854641, 0.85, 0.8805147058823529, 0.8866396761133604], "nearest_neighbor": [0.9795539033457249, 0.968476357267951, 0.9783333333333334, 0.9761029411764706, 0.9777327935222672], "undersampling": [0.9795539033457249, 0.9754816112084063, 0.98, 0.9779411764705882, 0.9757085020242915], "naive_bayes": [0.20260223048327136, 0.2469352014010508, 0.24166666666666667, 0.21507352941176472, 0.22064777327935223]}, "fscore": {"no_sample": [0.9087378640776699, 0.8913649025069638, 0.8883071553228621, 0.912751677852349, 0.911340206185567], "oversampling": [0.9236569274269557, 0.9081177520071364, 0.9042016806722689, 0.9155060352831941, 0.9078156312625251], "gan": [0.90234375, 0.8921933085501859, 0.8885017421602788, 0.9158699808795412, 0.9040247678018577], "nearest_neighbor": [0.7699050401753104, 0.7659279778393351, 0.7698360655737705, 0.7656813266041818, 0.7307110438729199], "undersampling": [0.7654320987654321, 0.7583390061266168, 0.7676240208877284, 0.7589158345221113, 0.7291981845688352], "naive_bayes": [0.33641975308641975, 0.3927576601671309, 0.38821954484605087, 0.35347432024169184, 0.3579638752052545]}}