{"precision": {"no_sample": [0.950920245398773, 0.9445544554455445, 0.9323583180987203, 0.952, 0.930379746835443], "oversampling": [0.9335863377609108, 0.9240506329113924, 0.911864406779661, 0.9233644859813084, 0.8954635108481263], "gan": [0.9510204081632653, 0.9486166007905138, 0.9304029304029304, 0.9444444444444444, 0.9258474576271186], "nearest_neighbor": [0.6403402187120292, 0.6316989737742303, 0.6339092872570194, 0.6359281437125749, 0.5842424242424242], "undersampling": [0.6288782816229117, 0.6193118756936737, 0.6330472103004292, 0.6222222222222222, 0.5746714456391876], "naive_bayes_95": [0.9847328244274809, 0.9393939393939394, 0.9784172661870504, 0.9915254237288136, 0.9576271186440678]}, "recall": {"no_sample": [0.8643122676579925, 0.8353765323992994, 0.85, 0.875, 0.8927125506072875], "oversampling": [0.9144981412639405, 0.8949211908931699, 0.8966666666666666, 0.9080882352941176, 0.9190283400809717], "gan": [0.8661710037174721, 0.840630472854641, 0.8466666666666667, 0.875, 0.8846153846153846], "nearest_neighbor": [0.9795539033457249, 0.9702276707530648, 0.9783333333333334, 0.9761029411764706, 0.9757085020242915], "undersampling": [0.9795539033457249, 0.9772329246935202, 0.9833333333333333, 0.9779411764705882, 0.9736842105263158], "naive_bayes_95": [0.23977695167286245, 0.2171628721541156, 0.22666666666666666, 0.21507352941176472, 0.22874493927125505]}, "fscore": {"no_sample": [0.9055501460564751, 0.8866171003717472, 0.8892763731473409, 0.9118773946360154, 0.9111570247933884], "oversampling": [0.923943661971831, 0.909252669039146, 0.9042016806722689, 0.9156626506024096, 0.9070929070929071], "gan": [0.9066147859922179, 0.8913649025069638, 0.8865619546247819, 0.9083969465648855, 0.9047619047619048], "nearest_neighbor": [0.7744305657604702, 0.7651933701657458, 0.7693315858453473, 0.7701232777374909, 0.7308567096285064], "undersampling": [0.7659883720930233, 0.7581521739130435, 0.7702349869451698, 0.760543245175125, 0.7227648384673179], "naive_bayes_95": [0.3856502242152466, 0.35277382645803695, 0.3680649526387009, 0.35347432024169184, 0.369281045751634]}}