{"precision": {"no_sample": [0.9527720739219713, 0.9544554455445544, 0.9326047358834244, 0.952, 0.923728813559322], "oversampling": [0.9315589353612167, 0.9271402550091075, 0.9145299145299145, 0.9319470699432892, 0.898406374501992], "gan": [0.9512195121951219, 0.9431372549019608, 0.9306569343065694, 0.9444444444444444, 0.9238900634249472], "nearest_neighbor": [0.6395631067961165, 0.6331428571428571, 0.6377440347071583, 0.631079478054567, 0.5878048780487805], "undersampling": [0.6279904306220095, 0.62, 0.6343042071197411, 0.6217798594847775, 0.5779376498800959], "naive_bayes": [0.9905660377358491, 0.9459459459459459, 0.9797297297297297, 0.9916666666666667, 0.9482758620689655]}, "recall": {"no_sample": [0.862453531598513, 0.8441330998248686, 0.8533333333333334, 0.875, 0.8825910931174089], "oversampling": [0.9107806691449815, 0.8914185639229422, 0.8916666666666667, 0.90625, 0.9129554655870445], "gan": [0.8698884758364313, 0.8423817863397548, 0.85, 0.875, 0.8846153846153846], "nearest_neighbor": [0.9795539033457249, 0.9702276707530648, 0.98, 0.9779411764705882, 0.9757085020242915], "undersampling": [0.9758364312267658, 0.9772329246935202, 0.98, 0.9761029411764706, 0.9757085020242915], "naive_bayes": [0.19516728624535315, 0.24518388791593695, 0.24166666666666667, 0.21875, 0.22267206477732793]}, "fscore": {"no_sample": [0.9053658536585366, 0.895910780669145, 0.8912097476066144, 0.9118773946360154, 0.9026915113871635], "oversampling": [0.9210526315789475, 0.9089285714285714, 0.9029535864978904, 0.918918918918919, 0.9056224899598393], "gan": [0.9087378640776699, 0.8899167437557816, 0.8885017421602788, 0.9083969465648855, 0.9038262668045501], "nearest_neighbor": [0.7738619676945668, 0.7662517289073305, 0.7726675427069645, 0.7671232876712328, 0.7336377473363773], "undersampling": [0.7641921397379913, 0.7586675730795378, 0.7701375245579568, 0.759656652360515, 0.7259036144578314], "naive_bayes": [0.32608695652173914, 0.3894297635605007, 0.38770053475935834, 0.358433734939759, 0.360655737704918]}}