{"precision": {"naive_bayes_50": [0.9911504424778761, 0.9424460431654677, 0.9852941176470589, 0.9814814814814815, 0.9478260869565217], "naive_bayes_95": [0.9848484848484849, 0.9398496240601504, 0.9776119402985075, 0.9833333333333333, 0.957983193277311]}, "recall": {"naive_bayes_50": [0.20817843866171004, 0.22942206654991243, 0.22333333333333333, 0.1948529411764706, 0.22064777327935223], "naive_bayes_95": [0.241635687732342, 0.21891418563922943, 0.21833333333333332, 0.21691176470588236, 0.23076923076923078]}, "fscore": {"naive_bayes_50": [0.34408602150537637, 0.36901408450704226, 0.3641304347826087, 0.3251533742331288, 0.3579638752052545], "naive_bayes_95": [0.3880597014925373, 0.3551136363636364, 0.3569482288828338, 0.35542168674698793, 0.3719412724306689]}}