{"precision": {"no_sample": {"90:9": {"5": [0.9563758389261745], "20": [0.7138643067846607], "0": [0.9896193771626297], "10": [0.8885245901639345]}, "80:19": {"20": [0.7740303541315345], "10": [0.8896434634974533], "5": [0.9301533219761499], "0": [0.9896193771626297]}, "70:30": {"10": [0.9012208657047724], "5": [0.9301310043668122], "20": [0.7697297297297298], "0": [0.9921875]}}, "oversampling": {"90:9": {"5": [0.7563451776649747], "20": [0.5416666666666666], "0": [0.9761904761904762], "10": [0.6496674057649667]}, "80:19": {"20": [0.7356902356902357], "10": [0.8443017656500803], "5": [0.8925081433224755], "0": [0.9896193771626297]}, "70:30": {"10": [0.8972067039106145], "5": [0.9268558951965066], "20": [0.7825552825552825], "0": [0.9932584269662922]}}, "gan_generated": {"90:9": {"5": [0.9565217391304348], "20": [0.6572164948453608], "0": [0.8614457831325302], "10": [0.8806451612903226]}, "80:19": {"20": [0.6978102189781021], "10": [0.8894557823129252], "5": [0.7813822284908322], "0": [0.9878892733564014]}, "70:30": {"10": [0.9005586592178771], "5": [0.9300546448087431], "20": [0.7052631578947368], "0": [0.9932885906040269]}}, "nearest_neighbor": {"90:9": {"5": [0.6629213483146067], "20": [0.3403010033444816], "0": [0.9728813559322034], "10": [0.40048543689320387]}, "80:19": {"20": [0.5149532710280373], "10": [0.7331499312242091], "5": [0.9105960264900662], "0": [0.9896193771626297]}, "70:30": {"10": [0.8691489361702127], "5": [0.9263271939328277], "20": [0.7063267233238905], "0": [0.9921787709497206]}}, "undersampling": {"90:9": {"5": [0.6710816777041942], "20": [0.37629350893697083], "0": [0.9142857142857143], "10": [0.45478723404255317]}, "80:19": {"20": [0.5778008298755186], "10": [0.7668097281831188], "5": [0.8798076923076923], "0": [0.96964586846543]}, "70:30": {"10": [0.878625134264232], "5": [0.9184549356223176], "20": [0.6961226330027052], "0": [0.9812775330396476]}}, "naive_bayes": {"90:9": {"5": [0.8812785388127854], "20": [0.6555023923444976], "0": [0.94], "10": [0.7741935483870968]}, "80:19": {"20": [0.7371428571428571], "10": [0.8463302752293578], "5": [0.8834244080145719], "0": [0.9484193011647255]}, "70:30": {"10": [0.8689138576779026], "5": [0.9047619047619048], "20": [0.7479406919275123], "0": [0.9660460021905805]}}}, "recall": {"no_sample": {"90:9": {"5": [0.6643356643356644], "20": [0.309462915601023], "0": [0.9896193771626297], "10": [0.4616695059625213]}, "80:19": {"20": [0.4831578947368421], "10": [0.6922060766182299], "5": [0.8161434977578476], "0": [0.9862068965517241]}, "70:30": {"10": [0.7822736030828517], "5": [0.8838174273858921], "20": [0.6049277824978759], "0": [0.9844961240310077]}}, "oversampling": {"90:9": {"5": [0.6946386946386947], "20": [0.3491048593350384], "0": [0.9930795847750865], "10": [0.4991482112436116]}, "80:19": {"20": [0.46], "10": [0.6948480845442536], "5": [0.8191330343796711], "0": [0.9862068965517241]}, "70:30": {"10": [0.7736030828516378], "5": [0.8807053941908713], "20": [0.5412064570943076], "0": [0.9789590254706534]}}, "gan_generated": {"90:9": {"5": [0.6666666666666666], "20": [0.32608695652173914], "0": [0.9896193771626297], "10": [0.46507666098807493]}, "80:19": {"20": [0.5031578947368421], "10": [0.6908850726552179], "5": [0.828101644245142], "0": [0.9844827586206897]}, "70:30": {"10": [0.7764932562620424], "5": [0.8827800829875518], "20": [0.6261682242990654], "0": [0.9833887043189369]}}, "nearest_neighbor": {"90:9": {"5": [0.6876456876456877], "20": [0.520460358056266], "0": [0.9930795847750865], "10": [0.5621805792163543]}, "80:19": {"20": [0.58], "10": [0.7040951122853368], "5": [0.8221225710014948], "0": [0.9862068965517241]}, "70:30": {"10": [0.7870905587668593], "5": [0.8869294605809128], "20": [0.6355140186915887], "0": [0.9833887043189369]}}, "undersampling": {"90:9": {"5": [0.7086247086247086], "20": [0.5115089514066496], "0": [0.9965397923875432], "10": [0.5826235093696763]}, "80:19": {"20": [0.5863157894736842], "10": [0.7080581241743725], "5": [0.820627802690583], "0": [0.9913793103448276]}, "70:30": {"10": [0.7880539499036608], "5": [0.8879668049792531], "20": [0.6559048428207307], "0": [0.9867109634551495]}}, "naive_bayes": {"90:9": {"5": [0.44988344988344986], "20": [0.17519181585677748], "0": [0.9757785467128027], "10": [0.20442930153321975]}, "80:19": {"20": [0.27157894736842103], "10": [0.48745046235138706], "5": [0.7249626307922272], "0": [0.9827586206896551]}, "70:30": {"10": [0.6705202312138728], "5": [0.8278008298755186], "20": [0.3857264231096007], "0": [0.9767441860465116]}}}, "fscore": {"no_sample": {"90:9": {"5": [0.7840440165061898], "20": [0.431757359500446], "0": [0.9896193771626297], "10": [0.6076233183856502]}, "80:19": {"20": [0.594944912508101], "10": [0.7786032689450222], "5": [0.8694267515923566], "0": [0.9879101899827287]}, "70:30": {"10": [0.8375451263537906], "5": [0.9063829787234042], "20": [0.6774500475737393], "0": [0.9883268482490272]}}, "oversampling": {"90:9": {"5": [0.724179829890644], "20": [0.42457231726283046], "0": [0.9845626072041166], "10": [0.5645472061657032]}, "80:19": {"20": [0.5660621761658031], "10": [0.7623188405797101], "5": [0.8542478565861262], "0": [0.9879101899827287]}, "70:30": {"10": [0.8308329022245213], "5": [0.9031914893617021], "20": [0.6398794575590155], "0": [0.9860568878973787]}}, "gan_generated": {"90:9": {"5": [0.7857142857142856], "20": [0.4358974358974359], "0": [0.9210950080515298], "10": [0.608695652173913]}, "80:19": {"20": [0.5847094801223242], "10": [0.7776951672862454], "5": [0.8040638606676344], "0": [0.9861830742659757]}, "70:30": {"10": [0.8339368856699432], "5": [0.9058009579563598], "20": [0.6633663366336633], "0": [0.9883138564273789]}}, "nearest_neighbor": {"90:9": {"5": [0.6750572082379862], "20": [0.4115267947421638], "0": [0.9828767123287672], "10": [0.4677533664068037]}, "80:19": {"20": [0.5455445544554455], "10": [0.7183288409703503], "5": [0.8641005498821682], "0": [0.9879101899827287]}, "70:30": {"10": [0.8260869565217391], "5": [0.9062003179650239], "20": [0.6690518783542039], "0": [0.9877641824249165]}}, "undersampling": {"90:9": {"5": [0.6893424036281179], "20": [0.4336043360433604], "0": [0.9536423841059601], "10": [0.5108289768483943]}, "80:19": {"20": [0.5820271682340648], "10": [0.7362637362637362], "5": [0.8491879350348027], "0": [0.9803921568627452]}, "70:30": {"10": [0.8308786185881157], "5": [0.9029535864978904], "20": [0.6754155730533683], "0": [0.9839867476532302]}}, "naive_bayes": {"90:9": {"5": [0.595679012345679], "20": [0.27648839556004035], "0": [0.9575551782682512], "10": [0.32345013477088946]}, "80:19": {"20": [0.39692307692307693], "10": [0.6186085498742665], "5": [0.7963875205254516], "0": [0.9652836579170194]}, "70:30": {"10": [0.7569331158238173], "5": [0.8645720476706392], "20": [0.5089686098654708], "0": [0.9713656387665197]}}}}