{"precision": {"no_sample": {"90:9": {"0": [0.9896193771626297], "10": [0.8802588996763754], "20": [0.7147058823529412], "5": [0.9562289562289562]}, "80:19": {"20": [0.7702702702702703], "0": [0.9913344887348353], "10": [0.8898305084745762], "5": [0.931740614334471]}, "70:30": {"10": [0.9002217294900222], "0": [0.9932885906040269], "5": [0.9291938997821351], "20": [0.7681473456121344]}}, "oversampling": {"90:9": {"0": [0.9795918367346939], "10": [0.6475770925110133], "20": [0.5362903225806451], "5": [0.7456359102244389]}, "80:19": {"20": [0.738255033557047], "0": [0.9913344887348353], "10": [0.8375796178343949], "5": [0.8869143780290791]}, "70:30": {"10": [0.9], "0": [0.9932659932659933], "5": [0.9271739130434783], "20": [0.7803680981595092]}}, "gan_generated": {"90:9": {"0": [0.8558558558558559], "10": [0.883495145631068], "20": [0.6604774535809018], "5": [0.9568106312292359]}, "80:19": {"20": [0.6937590711175616], "0": [0.9861830742659758], "10": [0.8879456706281834], "5": [0.7799717912552891]}, "70:30": {"10": [0.9006696428571429], "0": [0.9932885906040269], "5": [0.9309967141292442], "20": [0.7083734359961501]}}, "nearest_neighbor": {"90:9": {"0": [0.9761904761904762], "10": [0.4168765743073048], "20": [0.34359400998336104], "5": [0.6555555555555556]}, "80:19": {"20": [0.5055762081784386], "0": [0.9879101899827288], "10": [0.7301369863013699], "5": [0.913477537437604]}, "70:30": {"10": [0.8710021321961621], "0": [0.9932885906040269], "5": [0.9262472885032538], "20": [0.7028301886792453]}}, "undersampling": {"90:9": {"0": [0.9292604501607717], "10": [0.46008119079837617], "20": [0.37582625118035884], "5": [0.658008658008658]}, "80:19": {"20": [0.5739400206825233], "0": [0.968013468013468], "10": [0.7559943582510579], "5": [0.8718354430379747]}, "70:30": {"10": [0.8776824034334764], "0": [0.9801980198019802], "5": [0.9193548387096774], "20": [0.6966696669666966]}}}, "recall": {"no_sample": {"90:9": {"0": [0.9896193771626297], "10": [0.46337308347529815], "20": [0.31074168797953966], "5": [0.662004662004662]}, "80:19": {"20": [0.48], "0": [0.9862068965517241], "10": [0.6935270805812418], "5": [0.8161434977578476]}, "70:30": {"10": [0.7822736030828517], "0": [0.9833887043189369], "5": [0.8848547717842323], "20": [0.6023789294817332]}}, "oversampling": {"90:9": {"0": [0.9965397923875432], "10": [0.5008517887563884], "20": [0.340153452685422], "5": [0.696969696969697]}, "80:19": {"20": [0.4631578947368421], "0": [0.9862068965517241], "10": [0.6948480845442536], "5": [0.820627802690583]}, "70:30": {"10": [0.7716763005780347], "0": [0.9800664451827242], "5": [0.8848547717842323], "20": [0.54035683942226]}}, "gan_generated": {"90:9": {"0": [0.986159169550173], "10": [0.46507666098807493], "20": [0.31841432225063937], "5": [0.6713286713286714]}, "80:19": {"20": [0.5031578947368421], "0": [0.9844827586206897], "10": [0.6908850726552179], "5": [0.8266068759342302]}, "70:30": {"10": [0.7774566473988439], "0": [0.9833887043189369], "5": [0.8817427385892116], "20": [0.6253186066270179]}}, "nearest_neighbor": {"90:9": {"0": [0.9930795847750865], "10": [0.5638841567291312], "20": [0.5281329923273658], "5": [0.6876456876456877]}, "80:19": {"20": [0.5726315789473684], "0": [0.9862068965517241], "10": [0.7040951122853368], "5": [0.820627802690583]}, "70:30": {"10": [0.7870905587668593], "0": [0.9833887043189369], "5": [0.8858921161825726], "20": [0.632965165675446]}}, "undersampling": {"90:9": {"0": [1.0], "10": [0.5792163543441227], "20": [0.5089514066496164], "5": [0.7086247086247086]}, "80:19": {"20": [0.5842105263157895], "0": [0.9913793103448276], "10": [0.7080581241743725], "5": [0.8236173393124065]}, "70:30": {"10": [0.7880539499036608], "0": [0.9867109634551495], "5": [0.8869294605809128], "20": [0.6576040781648258]}}}, "fscore": {"no_sample": {"90:9": {"0": [0.9896193771626297], "10": [0.6071428571428571], "20": [0.4331550802139038], "5": [0.7823691460055097]}, "80:19": {"20": [0.5914396887159533], "0": [0.9887640449438202], "10": [0.779510022271715], "5": [0.8701195219123505]}, "70:30": {"10": [0.8371134020618557], "0": [0.9883138564273789], "5": [0.9064824654622741], "20": [0.6752380952380953]}}, "oversampling": {"90:9": {"0": [0.9879931389365352], "10": [0.5648414985590777], "20": [0.4162754303599374], "5": [0.7204819277108435]}, "80:19": {"20": [0.5692108667529107], "0": [0.9887640449438202], "10": [0.75956678700361], "5": [0.8524844720496895]}, "70:30": {"10": [0.8309128630705395], "0": [0.9866220735785953], "5": [0.90552016985138], "20": [0.6385542168674698]}}, "gan_generated": {"90:9": {"0": [0.9163987138263666], "10": [0.609375], "20": [0.4296807592752373], "5": [0.789041095890411]}, "80:19": {"20": [0.5832824893227577], "0": [0.9853321829163072], "10": [0.7771173848439821], "5": [0.8026124818577648]}, "70:30": {"10": [0.8345398138572906], "0": [0.9883138564273789], "5": [0.9057005860415557], "20": [0.6642599277978339]}}, "nearest_neighbor": {"90:9": {"0": [0.9845626072041166], "10": [0.4793627805937727], "20": [0.41633064516129026], "5": [0.671217292377702]}, "80:19": {"20": [0.5370187561697927], "0": [0.987057808455565], "10": [0.7168796234028244], "5": [0.8645669291338582]}, "70:30": {"10": [0.8269230769230769], "0": [0.9883138564273789], "5": [0.9056203605514316], "20": [0.6660706303084487]}}, "undersampling": {"90:9": {"0": [0.9633333333333334], "10": [0.5128205128205128], "20": [0.4323737099402499], "5": [0.6823793490460158]}, "80:19": {"20": [0.5790297339593113], "0": [0.979557069846678], "10": [0.7312414733969986], "5": [0.8470407378939276]}, "70:30": {"10": [0.8304568527918781], "0": [0.9834437086092715], "5": [0.9028511087645195], "20": [0.6765734265734266]}}}}