{"precision": {"no_sample": {"90:9": {"5": [0.959731543624161], "20": [0.7912457912457912], "0": [0.993127147766323], "10": [0.9046052631578947]}, "80:19": {"20": [0.8163992869875223], "10": [0.8955479452054794], "5": [0.9360967184801382], "0": [0.9948006932409013]}, "70:30": {"10": [0.906145251396648], "5": [0.9351648351648352], "20": [0.7873931623931624], "0": [0.9944196428571429]}}, "oversampling": {"90:9": {"5": [0.7728459530026109], "20": [0.6614583333333334], "0": [0.9763513513513513], "10": [0.6788990825688074]}, "80:19": {"20": [0.8116197183098591], "10": [0.86084142394822], "5": [0.9060955518945635], "0": [0.9896907216494846]}, "70:30": {"10": [0.9079685746352413], "5": [0.9332603938730853], "20": [0.7955056179775281], "0": [0.9911111111111112]}}, "gan_generated": {"90:9": {"5": [0.8629737609329446], "20": [0.20114942528735633], "0": [0.6271929824561403], "10": [0.8318840579710145]}, "80:19": {"20": [0.48236331569664903], "10": [0.8955479452054794], "5": [0.34301856335754644], "0": [0.9746192893401016]}, "70:30": {"10": [0.9051339285714286], "5": [0.9351648351648352], "20": [0.6514285714285715], "0": [0.9944196428571429]}}, "nearest_neighbor": {"90:9": {"5": [0.7694300518134715], "20": [0.4535666218034993], "0": [0.9796610169491525], "10": [0.5953757225433526]}, "80:19": {"20": [0.6971428571428572], "10": [0.7920353982300885], "5": [0.8991869918699187], "0": [0.9913793103448276]}, "70:30": {"10": [0.8848223896663079], "5": [0.917470525187567], "20": [0.7585170340681363], "0": [0.9933184855233853]}}, "undersampling": {"90:9": {"5": [0.678082191780822], "20": [0.4298136645962733], "0": [0.9633333333333334], "10": [0.5452961672473867]}, "80:19": {"20": [0.6781292984869326], "10": [0.7685714285714286], "5": [0.8724409448818897], "0": [0.9812925170068028]}, "70:30": {"10": [0.8736730360934183], "5": [0.9137380191693291], "20": [0.75], "0": [0.9856353591160221]}}, "naive_bayes": {"90:9": {"5": [0.9076923076923077], "20": [0.7209302325581395], "0": [0.9318181818181818], "10": [0.8528528528528528]}, "80:19": {"20": [0.790268456375839], "10": [0.8569131832797428], "5": [0.8941368078175895], "0": [0.959866220735786]}, "70:30": {"10": [0.8843243243243243], "5": [0.8991596638655462], "20": [0.7795193312434692], "0": [0.9704271631982475]}}}, "recall": {"no_sample": {"90:9": {"5": [0.6666666666666666], "20": [0.30051150895140666], "0": [1.0], "10": [0.4684838160136286]}, "80:19": {"20": [0.48210526315789476], "10": [0.6908850726552179], "5": [0.8101644245142003], "0": [0.9896551724137931]}, "70:30": {"10": [0.7813102119460501], "5": [0.8827800829875518], "20": [0.6261682242990654], "0": [0.9867109634551495]}}, "oversampling": {"90:9": {"5": [0.6899766899766899], "20": [0.3248081841432225], "0": [1.0], "10": [0.504258943781942]}, "80:19": {"20": [0.48526315789473684], "10": [0.702774108322325], "5": [0.8221225710014948], "0": [0.993103448275862]}, "70:30": {"10": [0.779383429672447], "5": [0.8848547717842323], "20": [0.6015293118096856], "0": [0.9878183831672204]}}, "gan_generated": {"90:9": {"5": [0.6899766899766899], "20": [0.2237851662404092], "0": [0.9896193771626297], "10": [0.4889267461669506]}, "80:19": {"20": [0.5757894736842105], "10": [0.6908850726552179], "5": [0.6352765321375187], "0": [0.993103448275862]}, "70:30": {"10": [0.7813102119460501], "5": [0.8827800829875518], "20": [0.6779949022939677], "0": [0.9867109634551495]}}, "nearest_neighbor": {"90:9": {"5": [0.6923076923076923], "20": [0.4309462915601023], "0": [1.0], "10": [0.5264054514480409]}, "80:19": {"20": [0.5136842105263157], "10": [0.7093791281373845], "5": [0.8266068759342302], "0": [0.9913793103448276]}, "70:30": {"10": [0.791907514450867], "5": [0.8879668049792531], "20": [0.643160577740017], "0": [0.9878183831672204]}}, "undersampling": {"90:9": {"5": [0.6923076923076923], "20": [0.4424552429667519], "0": [1.0], "10": [0.5332197614991482]}, "80:19": {"20": [0.5189473684210526], "10": [0.7107001321003963], "5": [0.828101644245142], "0": [0.9948275862068966]}, "70:30": {"10": [0.7928709055876686], "5": [0.8900414937759336], "20": [0.6474086661002549], "0": [0.9878183831672204]}}, "naive_bayes": {"90:9": {"5": [0.6876456876456877], "20": [0.3171355498721228], "0": [0.9930795847750865], "10": [0.4838160136286201]}, "80:19": {"20": [0.4957894736842105], "10": [0.7040951122853368], "5": [0.820627802690583], "0": [0.9896551724137931]}, "70:30": {"10": [0.7880539499036608], "5": [0.8879668049792531], "20": [0.6338147833474936], "0": [0.9811738648947951]}}}, "fscore": {"no_sample": {"90:9": {"5": [0.7867950481430536], "20": [0.4355885078776645], "0": [0.996551724137931], "10": [0.6172839506172839]}, "80:19": {"20": [0.6062210456651225], "10": [0.7800149142431021], "5": [0.8685897435897435], "0": [0.9922212618841832]}, "70:30": {"10": [0.8391101914123124], "5": [0.9082177161152615], "20": [0.6975863700899195], "0": [0.990550305725403]}}, "oversampling": {"90:9": {"5": [0.7290640394088669], "20": [0.43567753001715265], "0": [0.988034188034188], "10": [0.5786901270772239]}, "80:19": {"20": [0.6073781291172594], "10": [0.773818181818182], "5": [0.8620689655172414], "0": [0.9913941480206541]}, "70:30": {"10": [0.8387765681700363], "5": [0.9084132055378061], "20": [0.6850507982583455], "0": [0.9894620077648364]}}, "gan_generated": {"90:9": {"5": [0.7668393782383419], "20": [0.211864406779661], "0": [0.7677852348993288], "10": [0.6158798283261802]}, "80:19": {"20": [0.5249520153550864], "10": [0.7800149142431021], "5": [0.44549266247379454], "0": [0.9837745516652433]}, "70:30": {"10": [0.8386763185108583], "5": [0.9082177161152615], "20": [0.6644462947543713], "0": [0.990550305725403]}}, "nearest_neighbor": {"90:9": {"5": [0.728834355828221], "20": [0.44196721311475407], "0": [0.9897260273972603], "10": [0.5587703435804701]}, "80:19": {"20": [0.5915151515151514], "10": [0.748432055749129], "5": [0.8613707165109035], "0": [0.9913793103448276]}, "70:30": {"10": [0.8357905439755975], "5": [0.9024775962045335], "20": [0.6960919540229885], "0": [0.9905607995558023]}}, "undersampling": {"90:9": {"5": [0.685121107266436], "20": [0.43604284814114685], "0": [0.9813242784380306], "10": [0.5391903531438414]}, "80:19": {"20": [0.5879546809779368], "10": [0.7385037748798903], "5": [0.8496932515337423], "0": [0.9880136986301371]}, "70:30": {"10": [0.8313131313131313], "5": [0.9017341040462427], "20": [0.6949384404924761], "0": [0.9867256637168141]}}, "naive_bayes": {"90:9": {"5": [0.7824933687002653], "20": [0.44049733570159855], "0": [0.9614740368509213], "10": [0.6173913043478261]}, "80:19": {"20": [0.6093143596377749], "10": [0.7730239303843364], "5": [0.8558067030397506], "0": [0.9745331069609509]}, "70:30": {"10": [0.8334182373917473], "5": [0.8935281837160751], "20": [0.6991565135895033], "0": [0.9757709251101321]}}}}