{"precision": {"no_sample": {"90:9": {"0": [0.9896193771626297], "10": [0.8859934853420195], "20": [0.6977401129943502], "5": [0.9562289562289562]}, "80:19": {"20": [0.7728813559322034], "0": [0.9896193771626297], "10": [0.8896434634974533], "5": [0.931740614334471]}, "70:30": {"10": [0.9012208657047724], "0": [0.9921787709497206], "5": [0.9300546448087431], "20": [0.7710583153347732]}}, "oversampling": {"90:9": {"0": [0.9795918367346939], "10": [0.6423841059602649], "20": [0.5412474849094567], "5": [0.7468671679197995]}, "80:19": {"20": [0.7321131447587355], "0": [0.9913344887348353], "10": [0.8365079365079365], "5": [0.885483870967742]}, "70:30": {"10": [0.8992161254199328], "0": [0.9932508436445444], "5": [0.9290393013100436], "20": [0.7838827838827839]}}, "gan_generated": {"90:9": {"0": [0.8618618618618619], "10": [0.8896103896103896], "20": [0.655440414507772], "5": [0.9566666666666667]}, "80:19": {"20": [0.6952104499274311], "0": [0.9896193771626297], "10": [0.8883248730964467], "5": [0.7799717912552891]}, "70:30": {"10": [0.901565995525727], "0": [0.9921700223713646], "5": [0.9309967141292442], "20": [0.7105263157894737]}}, "nearest_neighbor": {"90:9": {"0": [0.976271186440678], "10": [0.4], "20": [0.3468354430379747], "5": [0.6607142857142857]}, "80:19": {"20": [0.5148975791433892], "0": [0.9879101899827288], "10": [0.7307692307692307], "5": [0.9029605263157895]}, "70:30": {"10": [0.8696581196581197], "0": [0.9932960893854749], "5": [0.9263271939328277], "20": [0.7014218009478673]}}, "undersampling": {"90:9": {"0": [0.9174603174603174], "10": [0.45901639344262296], "20": [0.37174721189591076], "5": [0.6710816777041942]}, "80:19": {"20": [0.5752855659397715], "0": [0.96964586846543], "10": [0.7638691322901849], "5": [0.8773885350318471]}, "70:30": {"10": [0.8814655172413793], "0": [0.9802197802197802], "5": [0.9194414607948442], "20": [0.6969147005444646]}}}, "recall": {"no_sample": {"90:9": {"0": [0.9896193771626297], "10": [0.46337308347529815], "20": [0.31585677749360613], "5": [0.662004662004662]}, "80:19": {"20": [0.48], "0": [0.9862068965517241], "10": [0.6922060766182299], "5": [0.8161434977578476]}, "70:30": {"10": [0.7822736030828517], "0": [0.9833887043189369], "5": [0.8827800829875518], "20": [0.6066270178419712]}}, "oversampling": {"90:9": {"0": [0.9965397923875432], "10": [0.4957410562180579], "20": [0.34398976982097185], "5": [0.6946386946386947]}, "80:19": {"20": [0.4631578947368421], "0": [0.9862068965517241], "10": [0.6961690885072656], "5": [0.820627802690583]}, "70:30": {"10": [0.7736030828516378], "0": [0.9778516057585825], "5": [0.8827800829875518], "20": [0.5454545454545454]}}, "gan_generated": {"90:9": {"0": [0.9930795847750865], "10": [0.46678023850085176], "20": [0.3235294117647059], "5": [0.668997668997669]}, "80:19": {"20": [0.5042105263157894], "0": [0.9862068965517241], "10": [0.6935270805812418], "5": [0.8266068759342302]}, "70:30": {"10": [0.7764932562620424], "0": [0.982281284606866], "5": [0.8817427385892116], "20": [0.6193712829226848]}}, "nearest_neighbor": {"90:9": {"0": [0.9965397923875432], "10": [0.5621805792163543], "20": [0.5255754475703325], "5": [0.6899766899766899]}, "80:19": {"20": [0.5821052631578948], "0": [0.9862068965517241], "10": [0.702774108322325], "5": [0.820627802690583]}, "70:30": {"10": [0.7842003853564548], "0": [0.9844961240310077], "5": [0.8869294605809128], "20": [0.6287170773152082]}}, "undersampling": {"90:9": {"0": [1.0], "10": [0.5724020442930153], "20": [0.5115089514066496], "5": [0.7086247086247086]}, "80:19": {"20": [0.5831578947368421], "0": [0.9913793103448276], "10": [0.7093791281373845], "5": [0.8236173393124065]}, "70:30": {"10": [0.7880539499036608], "0": [0.9878183831672204], "5": [0.8879668049792531], "20": [0.6525063721325404]}}}, "fscore": {"no_sample": {"90:9": {"0": [0.9896193771626297], "10": [0.6085011185682327], "20": [0.43485915492957744], "5": [0.7823691460055097]}, "80:19": {"20": [0.5922077922077922], "0": [0.9879101899827287], "10": [0.7786032689450222], "5": [0.8701195219123505]}, "70:30": {"10": [0.8375451263537906], "0": [0.9877641824249165], "5": [0.9058009579563598], "20": [0.6790299572039943]}}, "oversampling": {"90:9": {"0": [0.9879931389365352], "10": [0.5596153846153846], "20": [0.4206411258795934], "5": [0.719806763285024]}, "80:19": {"20": [0.5673758865248227], "0": [0.9887640449438202], "10": [0.7599134823359771], "5": [0.851823118696664]}, "70:30": {"10": [0.831693423096841], "0": [0.9854910714285715], "5": [0.9053191489361703], "20": [0.6432865731462926]}}, "gan_generated": {"90:9": {"0": [0.9228295819935691], "10": [0.6122905027932961], "20": [0.4332191780821918], "5": [0.7873799725651577]}, "80:19": {"20": [0.5845027455765711], "0": [0.9879101899827287], "10": [0.7789317507418397], "5": [0.8026124818577648]}, "70:30": {"10": [0.8343685300207038], "0": [0.9872008903728436], "5": [0.9057005860415557], "20": [0.6618247843849298]}}, "nearest_neighbor": {"90:9": {"0": [0.9863013698630138], "10": [0.4674220963172805], "20": [0.41789527198779863], "5": [0.6750285062713796]}, "80:19": {"20": [0.5464426877470355], "0": [0.987057808455565], "10": [0.7164983164983165], "5": [0.8598277212216132]}, "70:30": {"10": [0.8247213779128673], "0": [0.9888765294771968], "5": [0.9062003179650239], "20": [0.6630824372759857]}}, "undersampling": {"90:9": {"0": [0.956953642384106], "10": [0.5094768764215314], "20": [0.4305705059203444], "5": [0.6893424036281179]}, "80:19": {"20": [0.5791949817041296], "0": [0.9803921568627452], "10": [0.7356164383561644], "5": [0.8496530454895913]}, "70:30": {"10": [0.832146490335707], "0": [0.9840044125758411], "5": [0.9034300791556727], "20": [0.6739798157086442]}}}}