{"precision": {"no_sample": {"90:9": {"0": [0.993127147766323], "10": [0.9046052631578947], "20": [0.7912457912457912], "5": [0.959731543624161]}, "80:19": {"20": [0.8163992869875223], "0": [0.9948006932409013], "10": [0.8955479452054794], "5": [0.9360967184801382]}, "70:30": {"10": [0.906145251396648], "0": [0.9944196428571429], "5": [0.9351648351648352], "20": [0.7873931623931624]}}, "oversampling": {"90:9": {"0": [0.9763513513513513], "10": [0.6788990825688074], "20": [0.6614583333333334], "5": [0.7728459530026109]}, "80:19": {"20": [0.8116197183098591], "0": [0.9896907216494846], "10": [0.86084142394822], "5": [0.9060955518945635]}, "70:30": {"10": [0.9079685746352413], "0": [0.9911111111111112], "5": [0.9332603938730853], "20": [0.7955056179775281]}}, "gan_generated": {"90:9": {"0": [0.6271929824561403], "10": [0.8318840579710145], "20": [0.20114942528735633], "5": [0.8629737609329446]}, "80:19": {"20": [0.48236331569664903], "0": [0.9746192893401016], "10": [0.8955479452054794], "5": [0.34301856335754644]}, "70:30": {"10": [0.9051339285714286], "0": [0.9944196428571429], "5": [0.9351648351648352], "20": [0.6514285714285715]}}, "nearest_neighbor": {"90:9": {"0": [0.9796610169491525], "10": [0.5953757225433526], "20": [0.4535666218034993], "5": [0.7694300518134715]}, "80:19": {"20": [0.6971428571428572], "0": [0.9913793103448276], "10": [0.7920353982300885], "5": [0.8991869918699187]}, "70:30": {"10": [0.8848223896663079], "0": [0.9933184855233853], "5": [0.917470525187567], "20": [0.7585170340681363]}}, "undersampling": {"90:9": {"0": [0.9633333333333334], "10": [0.5452961672473867], "20": [0.4298136645962733], "5": [0.678082191780822]}, "80:19": {"20": [0.6781292984869326], "0": [0.9812925170068028], "10": [0.7685714285714286], "5": [0.8724409448818897]}, "70:30": {"10": [0.8736730360934183], "0": [0.9856353591160221], "5": [0.9137380191693291], "20": [0.75]}}}, "recall": {"no_sample": {"90:9": {"0": [1.0], "10": [0.4684838160136286], "20": [0.30051150895140666], "5": [0.6666666666666666]}, "80:19": {"20": [0.48210526315789476], "0": [0.9896551724137931], "10": [0.6908850726552179], "5": [0.8101644245142003]}, "70:30": {"10": [0.7813102119460501], "0": [0.9867109634551495], "5": [0.8827800829875518], "20": [0.6261682242990654]}}, "oversampling": {"90:9": {"0": [1.0], "10": [0.504258943781942], "20": [0.3248081841432225], "5": [0.6899766899766899]}, "80:19": {"20": [0.48526315789473684], "0": [0.993103448275862], "10": [0.702774108322325], "5": [0.8221225710014948]}, "70:30": {"10": [0.779383429672447], "0": [0.9878183831672204], "5": [0.8848547717842323], "20": [0.6015293118096856]}}, "gan_generated": {"90:9": {"0": [0.9896193771626297], "10": [0.4889267461669506], "20": [0.2237851662404092], "5": [0.6899766899766899]}, "80:19": {"20": [0.5757894736842105], "0": [0.993103448275862], "10": [0.6908850726552179], "5": [0.6352765321375187]}, "70:30": {"10": [0.7813102119460501], "0": [0.9867109634551495], "5": [0.8827800829875518], "20": [0.6779949022939677]}}, "nearest_neighbor": {"90:9": {"0": [1.0], "10": [0.5264054514480409], "20": [0.4309462915601023], "5": [0.6923076923076923]}, "80:19": {"20": [0.5136842105263157], "0": [0.9913793103448276], "10": [0.7093791281373845], "5": [0.8266068759342302]}, "70:30": {"10": [0.791907514450867], "0": [0.9878183831672204], "5": [0.8879668049792531], "20": [0.643160577740017]}}, "undersampling": {"90:9": {"0": [1.0], "10": [0.5332197614991482], "20": [0.4424552429667519], "5": [0.6923076923076923]}, "80:19": {"20": [0.5189473684210526], "0": [0.9948275862068966], "10": [0.7107001321003963], "5": [0.828101644245142]}, "70:30": {"10": [0.7928709055876686], "0": [0.9878183831672204], "5": [0.8900414937759336], "20": [0.6474086661002549]}}}, "fscore": {"no_sample": {"90:9": {"0": [0.996551724137931], "10": [0.6172839506172839], "20": [0.4355885078776645], "5": [0.7867950481430536]}, "80:19": {"20": [0.6062210456651225], "0": [0.9922212618841832], "10": [0.7800149142431021], "5": [0.8685897435897435]}, "70:30": {"10": [0.8391101914123124], "0": [0.990550305725403], "5": [0.9082177161152615], "20": [0.6975863700899195]}}, "oversampling": {"90:9": {"0": [0.988034188034188], "10": [0.5786901270772239], "20": [0.43567753001715265], "5": [0.7290640394088669]}, "80:19": {"20": [0.6073781291172594], "0": [0.9913941480206541], "10": [0.773818181818182], "5": [0.8620689655172414]}, "70:30": {"10": [0.8387765681700363], "0": [0.9894620077648364], "5": [0.9084132055378061], "20": [0.6850507982583455]}}, "gan_generated": {"90:9": {"0": [0.7677852348993288], "10": [0.6158798283261802], "20": [0.211864406779661], "5": [0.7668393782383419]}, "80:19": {"20": [0.5249520153550864], "0": [0.9837745516652433], "10": [0.7800149142431021], "5": [0.44549266247379454]}, "70:30": {"10": [0.8386763185108583], "0": [0.990550305725403], "5": [0.9082177161152615], "20": [0.6644462947543713]}}, "nearest_neighbor": {"90:9": {"0": [0.9897260273972603], "10": [0.5587703435804701], "20": [0.44196721311475407], "5": [0.728834355828221]}, "80:19": {"20": [0.5915151515151514], "0": [0.9913793103448276], "10": [0.748432055749129], "5": [0.8613707165109035]}, "70:30": {"10": [0.8357905439755975], "0": [0.9905607995558023], "5": [0.9024775962045335], "20": [0.6960919540229885]}}, "undersampling": {"90:9": {"0": [0.9813242784380306], "10": [0.5391903531438414], "20": [0.43604284814114685], "5": [0.685121107266436]}, "80:19": {"20": [0.5879546809779368], "0": [0.9880136986301371], "10": [0.7385037748798903], "5": [0.8496932515337423]}, "70:30": {"10": [0.8313131313131313], "0": [0.9867256637168141], "5": [0.9017341040462427], "20": [0.6949384404924761]}}}}